
create table student(stu_id number primary key, gender varchar2(5), DOB DATE, 
yearJoin varchar2(10), dep varchar2(5));
drop table student;
insert into student values(1, 'F', '01-Jan-2000', 2018,'CSE');
insert into student values(2, 'F', '05-Feb-2001', 2018,'CSE');
insert into student values(3, 'M', '20-Feb-2000', 2018,'ECE');
insert into student values(4, 'M', '15-Mar-1999', 2018,'ECE');
insert into student values(5, 'M', '01-Jun-2000', 2018,'AERO');
insert into student values(6, 'F', '18-Aug-2001', 2018,'MECH');
insert into student values(7, 'F', '29-Dec-2001', 2018,'MECH');
insert into student values(8, 'M', '01-Dec-1999', 2018,'EEE');
insert into student values(9, 'F', '31-Jan-2000', 2018,'EEE');
insert into student values(10, 'M', '1-Jan-2000', 2018,'IT');
select * from student;  
create table stuinfo(id number references student, firstname varchar2(10) not null, 
lastname varchar2(10) not null, branch varchar2(10) not null, 
address varchar2(10) not null, emailid varchar2(20) not null);
drop table stuinfo;
insert into stuinfo values(1, 'varsha', 'ambati', 'CSE-1','kadapa', '8001@gitam.in');
insert into stuinfo values(2, 'surya', 'ammisetti', 'CSE-1','guntur', '8002@gitam.in');
insert into stuinfo values(3, 'koushik', 'basavaraju', 'ECE-1','hyd', '8003@gitam.in');
insert into stuinfo values(4, 'akhila', 'stuv', 'ECE-1','hyd', '8004@gitam.in');
insert into stuinfo values(5, 'kiran', 'kukunoor', 'AERO-1','hyd', '8005@gitam.in');
insert into stuinfo values(6, 'amrutha', 'abcd', 'MECH-1','hyd', '8006@gitam.in');
insert into stuinfo values(7, 'jhansi', 'dandu', 'MECH-1','hyd', '8007@gitam.in');
insert into stuinfo values(8, 'vishal', 'abcd', 'EEE-1','kadapa', '8008@gitam.in');
insert into stuinfo values(9, 'dejo', 'matheows', 'EEE-1','hyd', '8009@gitam.in');
insert into stuinfo values(10, 'nikhil', 'duggana', 'IT-1','godavari', '8010@gitam.in');
select * from stuinfo;
create table dept(dep_id number primary key, dep_name varchar2(10));
insert into dept values(1, 'CSE');
insert into dept values(2, 'ECE');
insert into dept values(3, 'MECH');
insert into dept values(4, 'EEE');
insert into dept values(5, 'AERO');
insert into dept values(6, 'IT');
select * from dept;
create table staff(staff_id number primary key, name varchar2(10),  
dept_id number references dept, geneder varchar2(10), 
qualification varchar2(10), mailid varchar2(20));
drop table staff;
insert into staff values(11, 'raju', 1, 'M', 'P.hd', 'raju@gitam.in');
insert into staff values(12, 'rama', 1, 'F', 'P.hd', 'rama@gitam.in');
insert into staff values(13, 'sanju', 2, 'M', 'P.hd', 'sanju@gitam.in');
insert into staff values(14, 'ravi', 2, 'M', 'P.hd', 'ravi@gitam.in');
insert into staff values(15, 'manasa', 3, 'F', 'P.hd', 'manasa@gitam.in');
insert into staff values(16, 'siddu', 3, 'M', 'P.hd', 'siddu@gitam.in');
insert into staff values(17, 'lakshmi', 5, 'F', 'P.hd', 'lakshmi@gitam.in');
insert into staff values(18, 'sandhya', 4, 'F', 'P.hd', 'sandhya@gitam.in');
insert into staff values(19, 'mohan', 6, 'M', 'P.hd', 'mohan@gitam.in');
insert into staff values(20, 'niharika', 1, 'F', 'P.hd', 'niharika@gitam.in');
select * from staff;
create table salary(id number references staff, salary number);
insert into salary values(11, 90000);
insert into salary values(12, 80000);
insert into salary values(13, 70000);
insert into salary values(14, 60000);
insert into salary values(15, 50000);
insert into salary values(16, 40000);
insert into salary values(17, 30000);
insert into salary values(18, 20000);
insert into salary values(19, 10000);
insert into salary values(20, 90000);
select * from salary;
create table marks(m_id number references student, marks number);
insert into marks values(1, 9.8);
insert into marks values(2, 7.7);
insert into marks values(3, 9.8);
insert into marks values(4, 8.0);
insert into marks values(5, 6.5);
insert into marks values(6, 9.0);
insert into marks values(7, 8.5);
insert into marks values(8, 7.9);
insert into marks values(9, 6.6);
insert into marks values(10, 7.3);
select * from marks;
commit;
select * from salary;